location_name,location,season,K,B,M,Q,nu,N,peak_time,A
Alabama,01,2021/2022,0.6921212447773119,0.07471084036100724,0.656434833378499,0.8779676018713174,0.25042110040640775,6847.685287586905,16.0894,1.0
Alabama,01,2022/2023,0.49078323547986713,0.29059045064638184,0.6505660356563946,0.6949513599690549,0.1152336221012612,9873.946500860735,5.8306000000000004,1.0
Alabama,01,2023/2024,0.5202109583647839,0.26380209031573626,1.1796671318564158,2.4295080588357387,0.09202623303162691,9081.520151660783,12.41,1.0
Alabama,01,2024/2025,0.39321239086164317,0.23656441461978894,0.9604254726298467,2.239005613370984,0.063502437379526,16223.478518256969,14.892900000000001,1.0
Alaska,02,2021/2022,0.8809549031613395,0.06815466765574073,0.6692981813922113,0.9719142175075122,0.4150254047898397,6160.631866829264,18.3423,1.0
Alaska,02,2022/2023,0.8090046038137022,0.40255885613677445,2.079359150621418,2.8390878954791856,0.14819426321831403,6030.714218578978,8.2714,1.0
Alaska,02,2023/2024,0.832881203743834,0.2864130899943182,0.682482474965941,0.724009226903402,0.3515167451179362,6655.383065475999,3.0212000000000003,1.0
Alaska,02,2024/2025,0.7413388201254246,0.15779339500068992,0.8293641258865857,1.8912174256091692,0.12153925058362855,6405.50234673309,16.6916,1.0
Arizona,04,2021/2022,0.45006926032919486,0.07802066582311266,0.67572495253715,1.3070744419006797,0.18498389895230577,11463.43006946962,24.0925,1.0
Arizona,04,2022/2023,0.42822605115984097,0.39169160506961653,1.071917593965095,2.346389361566369,0.07219056162472479,13067.543688165444,8.9963,1.0
Arizona,04,2023/2024,0.3787470435660962,0.32668057870868356,1.5035485122161794,3.7824670476211995,0.0824696405833036,16280.714002717245,12.0082,1.0
Arizona,04,2024/2025,0.31272254477960887,0.29092116933265444,1.26803639180803,2.6664597692671115,0.07439268518865824,29868.837616699817,12.428600000000001,1.0
Arkansas,05,2021/2022,0.21702861825599631,0.25280480172747033,23.143833939552653,1.0858450395076655,0.9731035789771825,1866.9696869419408,23.622500000000002,1.0
Arkansas,05,2022/2023,0.4992931635449535,0.36952268303505376,1.3277229888609814,2.742197526694197,0.15961494020378217,8915.556562878564,7.9793,1.0
Arkansas,05,2023/2024,0.47460646211405155,0.22342742070592278,1.8858603496605495,6.183517540929648,0.16123742810945493,10403.081884131914,16.8768,1.0
Arkansas,05,2024/2025,0.44237262181443243,0.4121765832740368,16.902989129910146,1.574262697852719,0.5050795698771529,11269.939112327094,18.0347,1.0
California,06,2021/2022,0.46234926220942946,0.522710827342792,37.57909144100145,0.8111078530468454,2.1355047753038288,10745.84374680927,33.9499,1.0
California,06,2022/2023,0.3037692719935162,0.4463529994929292,1.2973403998248147,2.5566518695505365,0.07814473342307629,29237.369204168142,8.0,1.0
California,06,2023/2024,0.3191422273886493,0.3093920002814051,1.3715165028002103,3.996554249319167,0.11410883708087217,24529.163788709127,11.7879,1.0
California,06,2024/2025,0.25275471483696865,0.25906413634300446,1.6050222639749052,4.565998752243433,0.12563207792182854,64433.79926914411,14.6806,1.0
Colorado,08,2021/2022,0.5839690719928511,0.6250649492275799,33.182041675514974,0.7860517341299492,2.522749306712536,7613.869156445213,29.6719,1.0
Colorado,08,2022/2023,0.558179353619656,1.0802510666251104,13.760750112889705,0.8208868991757854,3.0891957701241193,7822.856571227414,10.9999,1.0
Colorado,08,2023/2024,0.47064723375143586,0.21458799551692492,0.852973724790307,1.9397075520613487,0.11674907652838414,10188.781089104436,12.7225,1.0
Colorado,08,2024/2025,0.38614052547729655,0.2333364934392771,1.1034883109252098,2.5378952677748465,0.06733425714564494,14854.287352649288,15.5267,1.0
Connecticut,09,2021/2022,0.7629811424514378,0.49937635914337075,32.620094661512006,0.8834337268220119,1.6311740265306036,6354.02446099073,30.0727,1.0
Connecticut,09,2022/2023,0.5302251235422527,0.48414699676635187,2.092769753577842,3.7785917073683537,0.08232835614954291,8136.137153911485,9.0,1.0
Connecticut,09,2023/2024,0.5086872276544495,0.16241602343849137,0.7844112546958263,1.502609118629448,0.10531274291049615,9058.175266568061,15.7697,1.0
Connecticut,09,2024/2025,0.4507059388965222,0.45677831574901906,19.39030337371704,1.1584460843307283,0.9698539116872023,10721.844325514732,17.9099,1.0
Delaware,10,2021/2022,0.9697357508475624,1.6716056952969125,27.668575101703627,0.678285318433033,0.3025867739213146,6039.20390196208,27.0002,1.0
Delaware,10,2022/2023,0.8335954202960392,0.3499311527687441,0.9132490294422296,1.537942048726012,0.0862873422477557,6071.411927032129,8.0355,1.0
Delaware,10,2023/2024,0.7954878343449684,0.20302000115457117,0.7937370234790624,1.4816216491718375,0.0682617499355973,6281.445438535689,14.749600000000001,1.0
Delaware,10,2024/2025,0.6219500738709659,0.23285960265504993,1.2320656764735274,2.752624455820662,0.07254732440522885,7337.7936556109935,15.7712,1.0
District of Columbia,11,2021/2022,0.9666121823034505,0.11628377590225947,0.8176933132000466,2.452607280103593,0.08030407479287274,6012.884332918667,28.8292,1.0
District of Columbia,11,2022/2023,0.8316560539797576,0.3616029415999409,0.8485111042614812,1.432425438818031,0.10744534642584809,6085.59876489858,6.9444,1.0
District of Columbia,11,2023/2024,0.8003875243238808,0.19418145182868227,0.746608677050645,1.2463598996095624,0.08110582231804604,6273.691172033391,13.668600000000001,1.0
District of Columbia,11,2024/2025,0.6108362184831752,0.27894029409986504,2.5759361655193733,4.089334770391046,0.06425383149113272,7420.655032712494,17.2587,1.0
Florida,12,2021/2022,0.44418071951577703,0.6238135545168391,37.56359567092719,0.7655970888815767,2.039335652639476,11568.079028912729,34.312400000000004,1.0
Florida,12,2022/2023,0.33578356973288814,0.2278140371440961,0.8217480880251052,1.8013986786010903,0.148260159473345,23028.34296647659,10.290700000000001,1.0
Florida,12,2023/2024,0.307841662658452,0.1620876105000517,0.7900837528637829,1.9668294501261343,0.23498561173644103,33369.92491850342,12.3809,1.0
Florida,12,2024/2025,0.276492382123716,0.25211910817322936,2.6289173241758355,6.7428617295805715,0.17502517208937415,55652.48776612556,15.732600000000001,1.0
Georgia,13,2021/2022,0.5380507321483948,0.05617725255843177,0.6521869058768724,0.772577147173036,0.2078747016748976,8779.27800146007,22.2072,1.0
Georgia,13,2022/2023,0.4523756831180193,0.16436539014808227,0.6226398309231852,0.5608402547184024,0.17340950740201494,11233.436278850744,6.5840000000000005,1.0
Georgia,13,2023/2024,0.3993422516997707,0.32535337836108985,1.182813829821994,3.095062368008106,0.05822032020500608,14817.965390529109,12.1425,1.0
Georgia,13,2024/2025,0.3442485886801552,0.2780876587912011,1.3971919800038544,3.746722570101485,0.0557219404565783,21829.257498597806,15.1698,1.0
Hawaii,15,2021/2022,0.9576504318168194,0.15825640836169527,1.9377221859998066,4.681468976592926,0.04036806572357012,6043.483847493703,31.2405,1.0
Hawaii,15,2022/2023,0.8765129184839916,0.17324563411580712,0.7211804712578481,1.0782184892406816,0.21815604735826793,6245.911540984378,8.7322,1.0
Hawaii,15,2023/2024,0.7802492843020769,0.1439099579116733,0.6806118541595941,0.9882056935423577,0.19993764199872122,6283.02142007989,10.2985,1.0
Hawaii,15,2024/2025,0.6292389258984595,0.18652994758743316,0.7798583738052568,1.4956747190207174,0.07015494113872463,7178.952062534651,15.949800000000002,1.0
Idaho,16,2021/2022,0.8991222845089382,0.22326060022195762,2.775808625913363,6.54997889286185,0.0279518674517953,6098.647211283161,26.1965,1.0
Idaho,16,2022/2023,0.6043756704362394,0.6184514417253709,10.885804450104608,1.3403416596279976,0.8534320130888592,7217.453116493294,9.9883,1.0
Idaho,16,2023/2024,0.6225291868060535,0.2173978323901332,0.7718608554164691,1.3735690808287593,0.06455403567896122,7293.213849481504,13.7011,1.0
Idaho,16,2024/2025,0.5258736687660664,0.2069705803876645,0.7991617046552457,1.5045513213615147,0.07981538293864153,8858.964474892035,13.7972,1.0
Illinois,17,2021/2022,0.6349201702354698,0.4352951624436833,28.63749087565468,1.651844475603698,2.4353466794696845,7208.707961470333,28.5852,1.0
Illinois,17,2022/2023,0.39702710987037565,0.44447894361848267,2.056830820122155,3.2652329752735207,0.11652289973280892,13800.640738795102,8.2066,1.0
Illinois,17,2023/2024,0.3973578224215266,0.1747659033254975,0.7176690244403492,1.0677566979808824,0.08322111193522035,14144.198177590752,14.0905,1.0
Illinois,17,2024/2025,0.31494768501100084,0.31327047283101445,10.360755070889304,3.5997147233426348,0.44832027456102835,36226.963756304765,16.834300000000002,1.0
Indiana,18,2021/2022,0.5665134476507129,0.11039775692467796,1.2806484218246406,1.898644986080938,0.20807386072252967,7945.049637434562,20.355,1.0
Indiana,18,2022/2023,0.5805529424705166,0.46202118740939524,3.8748864883903367,3.5952039244835317,0.20812977892458412,19083.686492558532,9.0,1.0
Indiana,18,2023/2024,0.38941406679949964,0.1932327138630104,0.9593587340384094,2.7725590919146206,0.13685836588740008,15866.82067800012,15.061100000000001,1.0
Indiana,18,2024/2025,0.3333809981832722,0.6136311412483361,22.054701536652818,0.8882605813611825,1.9291636253214879,24447.1301591615,19.001900000000003,1.0
Iowa,19,2021/2022,0.7671846922507245,0.2309608104885936,2.5224091072717685,5.591931868998996,0.06624188347711943,6191.7629107912735,21.0237,1.0
Iowa,19,2022/2023,0.5583028524547545,0.731543082646538,12.815158379994935,1.0223774744490297,1.280326309549504,7869.257609167801,10.9974,1.0
Iowa,19,2023/2024,0.552632322456175,0.416299791752519,25.363114525531536,1.02382808342754,2.875409593520765,8476.53081881325,20.7547,1.0
Iowa,19,2024/2025,0.4645729576908956,0.519540803638683,20.697295363715096,0.9957592566590736,1.1956567288902578,11346.650518217328,18.2967,1.0
Kansas,20,2021/2022,0.7707483452687668,0.13556510844709738,0.8076613368064437,1.8177096471860439,0.13052604998600115,6359.283574702057,18.6563,1.0
Kansas,20,2022/2023,0.5964378529485632,0.4429198364092382,1.6653229449466243,2.7527368798162275,0.0683065414938259,7364.900732129127,8.9999,1.0
Kansas,20,2023/2024,0.5851968218194441,0.17427271599387156,1.0555518964859198,3.0815172718956765,0.16309335797596772,7487.88847410191,16.2131,1.0
Kansas,20,2024/2025,0.44956924177514856,0.5225991466835082,20.92588798814337,1.0982237906824304,2.0122362123758704,11280.92587789696,18.5363,1.0
Kentucky,21,2021/2022,0.7041770303810194,0.7288249768279484,32.11518419788422,0.7613398880393804,3.0876830442144523,6451.034377740763,28.6187,1.0
Kentucky,21,2022/2023,0.46654130626716744,0.6912830285269054,8.91398157692404,1.3248217538020297,0.6641682990982692,10309.158546569344,8.0035,1.0
Kentucky,21,2023/2024,0.45416924901942596,0.20180472646182618,1.3437992584862704,3.2133217888717787,0.13045040557418988,10488.388312612506,16.108800000000002,1.0
Kentucky,21,2024/2025,0.335991476222986,0.23891164664890932,5.430182303291896,3.3221616649887946,0.1223699746774033,18443.177375542153,17.5808,1.0
Louisiana,22,2021/2022,0.5701570726658808,0.14299288832509907,0.710667397386453,1.1894095773528537,0.1199534622823704,7774.389122960047,15.350700000000002,1.0
Louisiana,22,2022/2023,0.48848220645022195,0.27350919775105315,1.004137460698229,1.8361906640433059,0.251149177534078,10448.587819371607,6.936100000000001,1.0
Louisiana,22,2023/2024,0.5083386351912934,0.2708818846477424,1.4739577909238342,3.317648077017499,0.15018416104060986,9101.78462199063,11.8018,1.0
Louisiana,22,2024/2025,0.3743675233278553,0.20428087987435112,0.8495693942763235,1.8456938536484029,0.08167768778878785,16552.455071606215,14.91,1.0
Maine,23,2021/2022,0.8528324240119836,0.15504488417887516,3.8506131988472037,3.874766883404773,0.06322560438840603,7587.8382370555555,30.872400000000003,1.0
Maine,23,2022/2023,0.6724855395816723,0.8403612245466168,13.05333935192271,0.9366678435631522,1.3169195447451745,6660.2969082717045,11.0,1.0
Maine,23,2023/2024,0.7120134747509267,0.21853764126379246,5.193410642350495,3.5580139156043415,0.3015098596466038,6700.038607308064,17.2961,1.0
Maine,23,2024/2025,0.5587223140808193,0.5146234439822216,22.07933409326826,0.9743983863176967,1.2635349690387219,7829.370002255767,19.8501,1.0
Maryland,24,2021/2022,0.7876958424871312,0.1877986549789813,10.199217556582083,3.6381970082608692,0.25390292336913234,6233.09367292597,27.875300000000003,1.0
Maryland,24,2022/2023,0.49544050407366896,0.33953982318838827,1.8443796494797506,3.950334203408532,0.29860855147993615,9217.878232479117,8.001800000000001,1.0
Maryland,24,2023/2024,0.5044946772108316,0.2206838020357674,0.7962088742953829,1.486003160905029,0.06641482436180741,9297.627437910054,13.734100000000002,1.0
Maryland,24,2024/2025,0.3651252394430578,0.5701563409205344,20.932380651643157,0.9154738924284546,1.4053370788827704,14911.428971201536,18.212,1.0
Massachusetts,25,2021/2022,0.5976142720568948,0.6007179753243667,32.30784164949383,0.8172425801325979,2.227346585194029,7391.763242103835,29.3689,1.0
Massachusetts,25,2022/2023,0.43890868527772164,0.7141744782737437,12.777936480557118,1.0214509130312435,1.172463669284215,11195.110866236295,10.9999,1.0
Massachusetts,25,2023/2024,0.382715486211493,0.1806872805507349,0.787123128269957,1.5733630815648239,0.08282313064363074,16932.127525710075,15.8,1.0
Massachusetts,25,2024/2025,0.336797066097455,0.5391878536288214,21.068881345946714,0.950949170362405,1.3238453406470374,21993.094888993972,18.6799,1.0
Michigan,26,2021/2022,0.5221845406642118,0.5547797414921648,34.45872477573754,0.8221385055349311,5.318538883552276,8726.330271147714,29.1905,1.0
Michigan,26,2022/2023,0.40545774387326056,1.0333833111653878,13.856175380806807,0.8346669133893954,2.277592697202186,13632.828019563729,11.0242,1.0
Michigan,26,2023/2024,0.3343233256360156,0.4222550791633707,24.809762846279718,1.0414880870419043,2.28417363769884,19314.469840340196,20.8278,1.0
Michigan,26,2024/2025,0.3191818302464142,0.4414550009667012,22.333643433895034,1.0636415332599067,1.396808662830617,24458.40288150636,19.6889,1.0
Minnesota,27,2021/2022,0.7279123097670787,0.22715822609268932,0.9235097520268948,1.6007498783159049,0.07690833902921038,6617.01170181223,13.235700000000001,1.0
Minnesota,27,2022/2023,0.538138127030431,0.5091119620235047,4.872544569383681,3.316388388198714,0.30112773617830274,8543.601895492122,7.998,1.0
Minnesota,27,2023/2024,0.5009412812447921,0.16201939907584073,0.8281952369872659,2.027251029839532,0.11519628736346413,9696.14835884487,16.9571,1.0
Minnesota,27,2024/2025,0.369167710211153,0.3385840524224208,1.5661492038451401,3.9797020213619327,0.03056840826514109,16284.698064805962,14.999600000000001,1.0
Mississippi,28,2021/2022,0.6720948621427393,0.07467442868145686,0.666356059961971,0.9123526487209725,0.1676485151236791,7055.437541972953,21.5027,1.0
Mississippi,28,2022/2023,0.5308887031179708,0.3036376838145138,0.7343287648823459,1.0071557626931227,0.1421876715016289,8610.840971414427,5.997800000000001,1.0
Mississippi,28,2023/2024,0.5513817212193753,0.28166731474185236,1.1386950905363722,2.5844833288832105,0.07029471782097796,8206.740599473187,12.9139,1.0
Mississippi,28,2024/2025,0.4653262474205764,0.2567838754120671,1.7133439403883106,3.8868044030555207,0.07122885512857462,10467.292724716337,16.2146,1.0
Missouri,29,2021/2022,0.5754473615477349,0.10948652853758936,0.6805806811503157,1.1565314917279936,0.1311930565558243,7904.641216789902,18.851200000000002,1.0
Missouri,29,2022/2023,0.4216643349633047,0.43306069085501026,1.3449853523236042,2.871005776869049,0.06304160413440375,12767.419561568991,9.0,1.0
Missouri,29,2023/2024,0.4173880578483113,0.18018058424003972,1.0590423303526626,3.6833201869042127,0.16435967984690167,14010.03050104966,16.6004,1.0
Missouri,29,2024/2025,0.34505706813534637,0.5704423196081813,21.993756827407466,0.9225406602082247,2.037030423604434,22138.79136378537,18.880100000000002,1.0
Montana,30,2021/2022,0.822092055732432,0.12044263527069234,0.8505080360139382,2.0528396337625083,0.12033820407972612,6103.04599658119,22.691100000000002,1.0
Montana,30,2022/2023,0.7628523488531317,0.4199920760616467,2.1732702479524457,3.071123433385248,0.08532820118549796,6188.896345336064,9.9633,1.0
Montana,30,2023/2024,0.6787258345758173,0.3069906402909744,1.278838056566121,2.941546125564098,0.04721729012705136,6665.216104062179,13.7498,1.0
Montana,30,2024/2025,0.594947700322813,0.5690908646459432,23.694825340202232,0.8960674370915233,1.99995110923002,7191.216168940659,20.259,1.0
Nebraska,31,2021/2022,0.7257489042358333,0.14277541481711256,0.9621952751029749,2.3145514897640482,0.144488367718007,6276.386139576504,18.5882,1.0
Nebraska,31,2022/2023,0.6674946772173782,0.584962919380689,12.371850616083007,1.1948083083664758,1.1448423769320932,6486.99639900776,10.779,1.0
Nebraska,31,2023/2024,0.6586309261032716,0.38912161139381835,24.22547207307576,1.2569305781577815,2.63549948578225,6841.134853929091,21.092000000000002,1.0
Nebraska,31,2024/2025,0.5119553923981504,0.5786709199216639,21.519804485740035,0.9225319706567394,2.0012344142007534,8709.01635542699,18.4018,1.0
Nevada,32,2021/2022,0.6233220586568818,0.16225735507779515,1.817999625656877,4.273278085361944,0.045599475582479045,6982.241636894119,28.6478,1.0
Nevada,32,2022/2023,0.5361955273709622,0.6082377426281894,7.945161915082228,1.7877932070648357,0.39064567300813446,8264.822466665786,8.7676,1.0
Nevada,32,2023/2024,0.6271445210446541,0.28590920789228846,1.0217754839427675,2.152078084202406,0.06702482384585631,7131.964029983106,11.984900000000001,1.0
Nevada,32,2024/2025,0.5098450600662455,0.23965032439961265,0.9016157289578067,1.9247202398918963,0.06682007590410749,9488.053510978181,13.7946,1.0
New Hampshire,33,2021/2022,0.9072285697382911,0.596020357293996,31.229547953356747,0.9158647747072701,2.5053130885099546,5957.2145140873245,28.7665,1.0
New Hampshire,33,2022/2023,0.759404189968381,1.0394175025585746,14.041510341052126,0.8351302229675516,1.7911095481807155,6135.171269281626,11.9999,1.0
New Hampshire,33,2023/2024,0.7555627562751048,0.1822768816638722,0.762713157453676,1.47489321029795,0.08292795315827209,6459.723938575096,15.2286,1.0
New Hampshire,33,2024/2025,0.5682971536189755,0.5762451036621661,22.427845944302444,0.9359665089232877,2.014683873910737,7612.484895412481,19.0368,1.0
New Jersey,34,2021/2022,0.6037205613368412,0.33909199629806364,24.762335716858324,2.176102034268749,1.4416076295703109,6989.055648431598,28.3535,1.0
New Jersey,34,2022/2023,0.4348648488474598,0.4165328056740435,2.1678595700749304,3.4654712538482935,0.16353080673294196,14536.439859864027,8.5832,1.0
New Jersey,34,2023/2024,0.3928680599027009,0.21445685302797507,0.7513994980720842,1.254523036391744,0.059184906347963674,15085.372639155485,13.8846,1.0
New Jersey,34,2024/2025,0.2036264952435588,0.3479362642147777,15.104376346953744,1.2424089384764678,0.46655758427689054,21437.78201478237,16.9128,1.0
New Mexico,35,2021/2022,0.7632605831824459,0.4256799145400044,32.54663013610829,1.1265797490036031,1.6837829252667145,6191.312608577718,30.4007,1.0
New Mexico,35,2022/2023,0.5100981804633337,0.7214180020291582,12.420426277776947,1.0055368894179644,1.8973012916846816,8534.900959519735,9.995700000000001,1.0
New Mexico,35,2023/2024,0.5860460071602027,0.30742834416742354,1.1133702031266792,2.0157376635490727,0.04540182299307329,7914.5918525449515,12.0759,1.0
New Mexico,35,2024/2025,0.47165110720806624,0.19784538890114112,0.7875474301436474,1.6394276847088223,0.07574964682169087,10266.2097107116,15.0274,1.0
New York,36,2021/2022,0.5093256010797644,0.2987633956060815,24.52674290411155,2.1886536901495717,0.5505109764907671,9169.976586852092,28.6274,1.0
New York,36,2022/2023,0.34014607433764676,0.5413627917149095,10.957615792268847,1.3595886417498155,0.7816042043831933,21260.56901397238,10.0,1.0
New York,36,2023/2024,0.31566639286318043,0.19580083831527623,0.7107592611290242,1.077082695837555,0.06271379032461497,26711.505389235113,14.024500000000002,1.0
New York,36,2024/2025,0.26642716619479234,0.26532978187707157,1.303026349183363,4.7844933445465445,0.07041577299098138,48481.34568288184,16.000700000000002,1.0
North Carolina,37,2021/2022,0.5378644614593838,0.08157962071733021,0.6527489778832576,0.887353952664325,0.25198948194994886,8738.773733137505,15.317,1.0
North Carolina,37,2022/2023,0.45014644557176964,0.3176537033631095,0.9784722274530149,1.8756730220760403,0.165542252027233,11197.826554254303,7.2202,1.0
North Carolina,37,2023/2024,0.4094237904156139,0.39279091788590736,3.1666315098787265,3.5107718143685673,0.07165959923822236,13520.50357236558,11.9879,1.0
North Carolina,37,2024/2025,0.31318361358088415,0.460782747595356,19.107029039519958,1.0901713653932523,0.8872332453167259,27198.098067758645,17.6587,1.0
North Dakota,38,2021/2022,0.8931082907138639,0.6093805808530871,9.9442499004368,1.453991881207223,0.1021286743617831,6013.248648369861,13.000300000000001,1.0
North Dakota,38,2022/2023,0.7877918212350156,0.5045279884744912,11.551813664980392,1.6733852110650442,0.8503658818062865,6267.60315788939,11.537600000000001,1.0
North Dakota,38,2023/2024,0.7687439396896382,0.18830938257605012,0.7690542154384585,1.478943236726526,0.0787521429740338,6410.3682469737105,15.058300000000001,1.0
North Dakota,38,2024/2025,0.718815870186337,0.3116868469122822,5.2767125814232125,4.581508479018592,0.0875104228112136,6225.809056366698,17.011100000000003,1.0
Ohio,39,2021/2022,0.5330365607138766,0.09377754895212097,0.7338286061807192,1.4951013129773376,0.18408663884794108,8451.707188536144,20.9557,1.0
Ohio,39,2022/2023,0.3888461459082415,0.5407844881694749,9.84945746837649,1.7177631341605655,0.7621218560660835,14418.221369365254,9.3923,1.0
Ohio,39,2023/2024,0.3553611931614608,0.1948758776743306,1.3596387011000508,3.2730801725223815,0.14054920612378466,18920.151349956785,16.1385,1.0
Ohio,39,2024/2025,0.2754987416211652,0.5998900384322815,21.982851293331024,0.9068356064087323,1.636686777344404,40911.041125278774,19.0046,1.0
Oklahoma,40,2021/2022,0.5370451039920922,0.11897905207277623,0.8278851343762841,1.8020134040933637,0.1495313694412749,8650.526836289857,19.950200000000002,1.0
Oklahoma,40,2022/2023,0.415330216197972,0.4178621169873517,1.502505406688364,2.882313650191147,0.06599847287591884,12779.63446365598,9.7466,1.0
Oklahoma,40,2023/2024,0.4721517989680979,0.44523131115098386,19.661534880071514,1.1308516443716876,1.2871991359686836,10249.031908099643,17.3697,1.0
Oklahoma,40,2024/2025,0.3981643458584915,0.7510868097268991,20.144382696867847,0.8464631217583781,1.603878331964391,13802.070531237656,17.878600000000002,1.0
Oregon,41,2021/2022,0.8414760100311447,0.700007342625948,36.492321020717654,0.7455732964820017,4.961191463498069,5985.626623058246,32.0705,1.0
Oregon,41,2022/2023,0.4691781238430307,0.672049249006138,9.980440183088353,1.2315820394301453,0.5929235609614069,9736.425364209204,9.0001,1.0
Oregon,41,2023/2024,0.5834627109455672,0.1686591324189738,0.7115278199438585,1.1363905837154915,0.07952600312447854,7723.123664167992,15.231200000000001,1.0
Oregon,41,2024/2025,0.40746467910625533,0.20437131344331083,0.8767734082232826,2.066200196918692,0.089117678998046,14544.525532555706,14.9564,1.0
Pennsylvania,42,2021/2022,0.49244986765739435,0.4698555491601954,34.62441244461626,0.8639790407109188,5.190515978156816,9331.848291434198,28.7816,1.0
Pennsylvania,42,2022/2023,0.3549076800088358,0.3286673286225515,1.0939763157552458,2.4483708934142467,0.10752857982940191,19499.556998402415,9.2445,1.0
Pennsylvania,42,2023/2024,0.3508723523406263,0.16872672572241237,0.6950197856196566,1.0708297850718915,0.0842700188392056,19659.506734398772,14.509,1.0
Pennsylvania,42,2024/2025,0.25207462700080596,0.4185980467762621,19.92702234088966,1.1461526041369274,0.8735104176548943,55877.47897274719,18.0743,1.0
Puerto Rico,72,2021/2022,0.5508037925276549,0.03703017050370316,0.6556183948663526,1.0211470631357351,0.3688787064997241,8876.1808994241,25.3196,1.0
Puerto Rico,72,2022/2023,0.4021901226317272,0.03438722753383194,0.6228196635535939,0.4860542341203711,0.5729578824658462,17202.512064732626,3.1662000000000003,1.0
Puerto Rico,72,2023/2024,0.3893331455713763,0.07873616206723587,0.5870242447579449,0.2923003867649575,0.6901244151079488,16924.37238378817,0.043300000000000005,1.0
Puerto Rico,72,2024/2025,0.3595648104469304,0.20670366817356955,0.9014128361199902,1.6249231062459946,0.0910991615466672,17715.00192442978,13.4908,1.0
Rhode Island,44,2021/2022,0.9475588484854242,0.15091801667939286,2.1781012766511356,4.113127499615637,0.06980502509594952,6160.490915466221,29.85,1.0
Rhode Island,44,2022/2023,0.8685476855705649,0.4756269104556019,3.8781342312224867,3.6496253666671445,0.13058048428387578,6308.791310775249,10.079500000000001,1.0
Rhode Island,44,2023/2024,0.7999829614826044,0.1886039993501326,0.7688046880177026,1.391391775421235,0.07473255621939175,6174.10469569161,15.0364,1.0
Rhode Island,44,2024/2025,0.610965475249777,0.471216215430333,20.051797312781222,1.0439366491235678,1.0856522248225988,7087.536033062694,18.000700000000002,1.0
South Carolina,45,2021/2022,0.6514973666033117,0.05248261548732618,0.6699789214583909,1.285306605223141,0.2059943207755503,7155.517358277392,32.6165,1.0
South Carolina,45,2022/2023,0.5220671073822545,0.2535754518489132,0.6143551364780767,0.5648695748614136,0.09713871680548401,8696.379272774313,6.3452,1.0
South Carolina,45,2023/2024,0.4743501624325052,0.33541757225503105,1.4154698985702583,2.9233897193760328,0.05825879140822179,10399.58460593361,11.9952,1.0
South Carolina,45,2024/2025,0.3747658353674933,0.4844233952833762,17.706575762944464,1.2794948331179812,0.7820908861371345,16346.569389985956,17.0454,1.0
South Dakota,46,2021/2022,0.8649730821256842,0.1631539012297807,0.7311443260068976,1.3118045241873513,0.09810910837492862,6191.742722866834,15.352200000000002,1.0
South Dakota,46,2022/2023,0.7618766081421888,0.3793743630358668,1.4967222736323762,2.6880138585831324,0.09139523257544484,6460.100336158222,9.35,1.0
South Dakota,46,2023/2024,0.7481325658697426,0.14808051695886112,0.815733799121413,1.749909184987212,0.1185406273140909,6336.110668074433,17.4629,1.0
South Dakota,46,2024/2025,0.672688690864151,0.7817238808717608,20.777017713304925,0.8305321399290634,1.5246517566597222,6593.084587472686,18.204800000000002,1.0
Tennessee,47,2021/2022,0.6626350961366271,0.09219384848991374,0.6604793175926515,0.8752493028899637,0.1550008872713838,6899.903383044815,17.9141,1.0
Tennessee,47,2022/2023,0.46769691630477855,0.3706633013497877,1.5596349988338691,2.7647984065454163,0.20275723363463605,10619.682656434456,7.5116000000000005,1.0
Tennessee,47,2023/2024,0.44540079178444525,0.22878373443439023,0.8283089088163763,1.643374960990788,0.0687272212503577,11998.928896556301,13.5477,1.0
Tennessee,47,2024/2025,0.3584055075023795,0.2241756507963428,0.9182704371070741,2.447212254080644,0.0704445615094106,21055.79593174658,15.5166,1.0
Texas,48,2021/2022,0.4288342515443305,0.2388249197010835,2.8230854941335317,6.379697343795455,0.03905795549171349,13505.470056863487,23.3077,1.0
Texas,48,2022/2023,0.3001423960508242,0.2860510824448897,1.1781826939104483,3.084559796242299,0.2810995607040456,31712.84658492039,8.0671,1.0
Texas,48,2023/2024,0.2776288048683006,0.2773830801557544,10.253243816461465,5.734117451290753,0.6294357172732871,39254.14936234085,14.0548,1.0
Texas,48,2024/2025,0.14662236974975745,0.331231170129647,8.104356017782532,5.001171487564256,0.4399691127103262,42908.065791235924,16.207,1.0
US,US,2021/2022,0.21359190161924163,0.09842205875924379,1.71925683375807,3.7022334580853657,0.2960736409127907,116790.4186179829,25.392500000000002,1.0
US,US,2022/2023,0.18174446175044898,0.40463285025284085,5.623674046768695,3.7564558801047143,0.450727841495923,256794.75726754466,9.004900000000001,1.0
US,US,2023/2024,0.18185629264190067,0.19393937172562906,0.7415941557575578,1.3306775677087042,0.0838857942974144,309286.5988582183,13.872300000000001,1.0
US,US,2024/2025,0.15708965844324316,0.3564662575425326,17.490225310772082,1.720391843790596,0.9067922817178238,647744.8309685214,17.110200000000003,1.0
Utah,49,2021/2022,0.9181977019953403,0.1835240585732562,1.8616340004613126,4.161667208423838,0.05614624004898713,6002.846063098384,24.3716,1.0
Utah,49,2022/2023,0.8071687545916116,0.8991375555203053,13.727849357113444,1.0011788689730958,2.657911961778518,6068.766557580085,11.6605,1.0
Utah,49,2023/2024,0.8094551713185758,0.3346858854587128,1.8157140140739896,2.960708339523388,0.05962575424014253,6153.143574576354,12.3467,1.0
Utah,49,2024/2025,0.5077427453891744,0.23949354530053515,0.885632925954022,1.824650945532851,0.05525072362258192,9711.475407684613,14.2742,1.0
Vermont,50,2021/2022,0.9652979077694036,0.495383870518396,24.030107898979026,0.9379189051041744,0.15164807870906566,6145.857901024968,26.316000000000003,1.0
Vermont,50,2022/2023,0.8389945928519766,1.2235739664476024,13.949826938955361,0.7873629176771633,2.6995137958845015,5899.8629945939965,11.6395,1.0
Vermont,50,2023/2024,0.8321352500552821,0.18201927731548137,2.172946390285898,3.6236306994466427,0.19863366853314524,6168.6645744234675,17.575300000000002,1.0
Vermont,50,2024/2025,0.7234719327302491,0.4895440919800067,19.334533350777924,1.1272368669060093,0.734582756066294,6349.53391940123,18.5823,1.0
Virginia,51,2021/2022,0.5672802286177897,0.05963364101752827,0.6441527861247227,0.8826777003736901,0.19184222212781235,7827.517977576147,23.988400000000002,1.0
Virginia,51,2022/2023,0.45541186606665346,0.26608309807572983,0.7552849429132145,1.1152258690107582,0.13696453665405633,10915.584220063212,7.3022,1.0
Virginia,51,2023/2024,0.42909110671619505,0.22302177466710643,0.8479416822370391,1.6630811215357146,0.08811476613560475,12447.905870514256,12.8711,1.0
Virginia,51,2024/2025,0.3507158637583016,0.47056463165374246,20.672157296106548,1.0439607254326082,1.2520732956845504,19117.283390767705,18.2633,1.0
Washington,53,2021/2022,0.7004386051560926,0.3133895473850495,37.52446879985224,0.9843556660884384,1.5293907723209392,6492.367370174465,33.6886,1.0
Washington,53,2022/2023,0.4408020337819787,0.4659236113864136,1.730630409893438,2.791094588488702,0.06664496636657409,10961.599938721723,8.9857,1.0
Washington,53,2023/2024,0.5509784137436776,0.19681127948705054,0.7201129234332703,1.113706298515432,0.07272192455040101,8310.401128272228,13.306000000000001,1.0
Washington,53,2024/2025,0.42062717538268046,0.21392911655487634,0.9665837308154535,2.296220868253422,0.08052895406675892,13143.83085865391,15.3498,1.0
West Virginia,54,2021/2022,0.8215061670195003,0.2087948280776839,2.592976899159502,5.512372890590153,0.0420506651052372,6067.197961553218,25.1933,1.0
West Virginia,54,2022/2023,0.5650059381749805,0.37742396812817597,2.41355805227149,3.8993955665148565,0.2682245150676284,7886.636346104125,8.1572,1.0
West Virginia,54,2023/2024,0.5458963735308342,0.2019549621252642,1.0819993802609544,2.678993758305646,0.09426551661215718,8305.719521049607,16.3506,1.0
West Virginia,54,2024/2025,0.42574708385924226,0.543887703306175,22.488996095611984,0.8921037563592252,1.2172170550597683,10245.530489317402,20.0152,1.0
Wisconsin,55,2021/2022,0.6464266229809528,0.10783949257210666,0.7288840004539551,1.5308516876662823,0.15405337720367415,6941.2436255442135,20.1265,1.0
Wisconsin,55,2022/2023,0.49147806350146567,0.4314671535477319,3.3222905976618207,3.610681858954673,0.1499435949615685,10144.121527904308,9.9633,1.0
Wisconsin,55,2023/2024,0.4767539690946278,0.17283405138519192,0.7671141730830882,1.3950856281604145,0.08935113546403935,10539.81330942652,15.3396,1.0
Wisconsin,55,2024/2025,0.3605406043017531,0.5104579630177751,20.38402888164505,0.9926314437421762,1.0924323760069479,17672.95825012697,18.0002,1.0
Wyoming,56,2021/2022,0.899229952497459,0.07157893189375412,0.6612099899160784,1.0964099899159236,0.22046198811159376,6058.458158777623,22.297,1.0
Wyoming,56,2022/2023,0.8230458574284314,0.35151795653045015,1.0396019438848512,2.0260423491831703,0.08943058044672837,6024.370814423699,8.9382,1.0
Wyoming,56,2023/2024,0.7595923981338313,0.2274949968837614,0.938189403019107,1.9408334869751198,0.09288037930441269,6310.275840653752,13.009300000000001,1.0
Wyoming,56,2024/2025,0.6675529586180284,0.24409662781022873,1.5433337618133103,2.8420887836311395,0.06746654813244168,6746.83382842815,15.614600000000001,1.0
